{"cameraMode":{"drawMode":0,"name":"Shaded","section":"Shading Mode"},"sceneLighting":false,"audioPlay":false,"sceneViewState":{"showFog":true,"showMaterialUpdate":false,"showSkybox":false,"showFlares":true,"showImageEffects":true,"showParticleSystems":true},"in2DMode":false,"pivot":{"x":-0.09082639217376709,"y":1.2971971035003663,"z":0.013186812400817871},"rotation":{"x":0.6497629880905151,"y":-0.16735786199569703,"z":0.1497407704591751,"w":0.7262077331542969},"size":4.977779865264893,"orthographic":false}